{
  "Residue": [
    -1.0831335828243027e-12,
    -1.8127721546079556e-12,
    -2.616795669041494e-12,
    -4.506173212348585e-12
  ],
  "ComputedZoneConcentrations": [
    [
      10,
      0,
      0,
      0
    ],
    [
      20,
      17.836518464392785,
      16.09768634499379,
      20
    ],
    [
      0,
      3.965828138452848,
      0,
      0
    ],
    [
      0,
      0,
      6.077203891887002,
      5
    ]
  ],
  "cMat_init": [
    [
      10,
      0,
      0,
      0
    ],
    [
      20,
      20,
      20,
      20
    ],
    [
      0,
      1,
      0,
      0
    ],
    [
      0,
      0,
      5,
      5
    ]
  ],
  "cH": [
    [
      8.396585528437043e-9,
      6.490038621437898e-9,
      4.198872356466296e-9,
      2.5311705295064293e-9
    ]
  ],
  "ComputedEffectiveMobilities": [
    [
      -7.909999999335831e-8,
      -7.909999999486637e-8,
      -7.90999999966787e-8,
      -7.909999999799785e-8
    ],
    [
      1.475174428023685e-8,
      1.2862666399615138e-8,
      9.83578891790542e-9,
      6.8342577157450194e-9
    ],
    [
      -3.8769995104445076e-8,
      -3.892931179399583e-8,
      -3.912564529153283e-8,
      -3.927202240514503e-8
    ],
    [
      -1.856939267855655e-8,
      -1.9498303806451315e-8,
      -2.0745422719310418e-8,
      -2.1758400201449042e-8
    ]
  ],
  "pHInItpZones": [
    [
      8.075897283893521,
      8.187752718757805,
      8.376867327487549,
      8.596678594656519
    ]
  ],
  "ConductivityInItpZones": [
    [
      0.10482621994445795,
      0.05159055121035483,
      0.027492594753324738,
      0.023766789450138756
    ]
  ],
  "LEZoneConditionSatisfied": true,
  "AnalyteZoneConditionSatisfied": true,
  "TEZoneConditionSatisfied": true,
  "StableItpPredicted": true,
  "analyteZone": [
    "Iteration = 1, Err=9.03417",
    "Iteration = 11, Err=1.70953e-07"
  ],
  "adjustedTeZone": [],
  "runTime": 0.07463741302490234
}